43.21,45.52,45.98,26.93,-0.44,44.96,29.99,44.98,49.18,43.41,44.59,90.0,50.54,51.45,52.63,94.0,91.0,78.0,87.0,88.36,100.0,73
43.21,88.0,86.0,26.93,-0.44,73.0,75.0,87.0,96.25,90.0,89.0,85.0,82.0,87.0,78.52,86.0,82.0,0.0,83.0,82.0,86.0,26
91.0,88.0,86.0,85.0,0.0,82.0,80.0,92.0,96.45,83.0,93.59,78.0,83.0,75.0,93.5,100.0,75.0,80.0,85.0,83.0,84.0,72.79
43.21,45.52,45.98,26.93,-0.44,44.96,29.99,44.98,49.18,43.41,44.59,48.73,50.54,51.45,52.63,57.58,55.58,48.36,54.93,55.07,59.0,100
43.21,45.52,45.98,26.93,-0.44,44.96,29.99,44.98,49.18,43.41,44.59,88.4,89.0,84.0,84.66,84.0,75.0,78.0,89.0,89.0,78.0,74.75
43.21,45.52,45.98,26.93,-0.44,44.96,29.99,44.98,49.18,43.41,44.59,83.9,87.0,84.0,71.74,70.0,77.0,72.0,85.0,76.0,77.0,71
86.0,95.0,88.0,93.0,-0.44,87.0,29.99,86.0,100.0,100.0,80.0,93.0,90.0,84.0,87.33,90.0,87.0,87.0,86.0,79.0,89.0,92
43.21,45.52,45.98,26.93,-0.44,44.96,29.99,44.98,49.18,91.0,44.59,48.73,50.54,51.45,52.63,83.0,55.58,78.0,54.93,72.26,92.0,76.01
90.0,95.0,95.0,26.93,-0.44,92.0,93.0,89.0,97.0,91.0,87.0,93.0,92.0,84.0,99.59,97.0,80.0,88.0,81.0,84.0,84.0,92
43.21,45.52,45.98,26.93,-0.44,44.96,29.99,44.98,49.18,91.0,44.59,48.73,50.54,51.45,52.63,57.58,55.58,48.36,54.93,55.07,59.0,99.99
43.21,45.52,45.98,26.93,-0.44,44.96,29.99,44.98,49.18,43.41,44.59,48.73,77.0,80.0,52.63,99.0,80.4,76.0,80.0,85.0,73.0,87
88.0,95.0,99.0,96.0,-0.44,96.0,89.0,94.0,100.0,90.0,95.0,92.0,84.0,94.0,94.02,100.0,90.0,90.0,93.0,85.0,100.0,98
43.21,45.52,45.98,26.93,-0.44,44.96,29.99,44.98,49.18,43.41,44.59,48.73,50.54,51.45,52.63,57.58,55.58,48.36,54.93,55.07,59.0,100
43.21,45.52,45.98,26.93,-0.44,44.96,29.99,44.98,49.18,43.41,44.59,48.73,50.54,51.45,52.63,57.58,55.58,48.36,54.93,55.07,59.0,83.58
43.21,45.52,45.98,26.93,-0.44,44.96,29.99,44.98,49.18,43.41,44.59,98.5,50.54,87.0,52.63,70.0,96.0,98.0,100.0,94.89,90.0,100
81.0,95.0,99.0,93.0,0.0,94.0,85.0,89.0,92.5,86.0,92.0,92.0,91.0,90.0,100.0,100.0,84.0,80.0,78.0,90.0,100.0,93
43.21,45.52,45.98,26.93,-0.44,44.96,29.99,44.98,49.18,43.41,44.59,48.73,50.54,51.45,52.63,57.58,71.0,48.36,54.93,55.07,59.0,100
82.0,88.0,89.0,96.0,-0.44,91.0,75.0,89.0,92.3,91.0,90.0,98.0,85.0,76.0,81.24,85.0,83.0,81.0,76.0,88.0,100.0,0
43.21,45.52,45.98,26.93,-0.44,44.96,29.99,44.98,49.18,91.0,44.59,48.73,50.54,51.45,52.63,57.58,55.58,48.36,54.93,55.07,59.0,100
43.21,45.52,45.98,26.93,-0.44,44.96,29.99,44.98,49.18,43.41,44.59,93.0,84.0,89.0,94.26,60.0,80.0,88.0,93.0,84.0,71.0,91.02
43.21,45.52,45.98,26.93,-0.44,44.96,29.99,44.98,49.18,43.41,44.59,84.7,72.0,72.0,75.52,92.0,70.0,80.0,76.0,82.0,90.0,79.52
43.21,45.52,45.98,26.93,-0.44,44.96,29.99,44.98,49.18,43.41,44.59,48.73,50.54,51.45,52.63,57.58,55.58,48.36,54.93,55.07,59.0,100
88.0,88.0,99.0,26.93,-0.44,87.0,84.0,92.0,97.0,97.0,84.0,93.0,97.0,93.0,89.62,95.0,90.0,88.0,88.0,99.0,100.0,98
43.21,45.52,45.98,26.93,-0.44,44.96,29.99,44.98,49.18,43.41,44.59,48.73,50.54,75.0,52.63,57.58,77.0,48.36,78.0,76.0,72.0,90
43.21,45.52,45.98,26.93,-0.44,44.96,29.99,44.98,49.18,43.41,44.59,65.0,50.54,51.45,52.63,93.0,80.0,70.0,70.0,55.07,90.0,76.12
43.21,45.52,45.98,26.93,-0.44,44.96,29.99,44.98,49.18,43.41,44.59,48.73,50.54,51.45,52.63,57.58,81.0,48.36,54.93,55.07,59.0,100
43.21,45.52,45.98,26.93,-0.44,44.96,29.99,44.98,49.18,43.41,44.59,48.73,50.54,51.45,52.63,57.58,55.58,48.36,54.93,55.07,59.0,87.01
81.0,80.0,72.0,84.0,-0.44,44.96,71.0,73.0,80.05,43.41,76.0,89.0,70.0,75.0,82.78,91.0,71.0,74.0,74.0,77.0,71.0,96
43.21,45.52,45.98,26.93,-0.44,44.96,29.99,44.98,49.18,43.41,44.59,48.73,50.54,51.45,52.63,57.58,84.0,86.0,80.0,55.07,59.0,55.01
90.0,95.0,96.0,26.93,-0.44,95.0,87.0,90.0,99.75,99.0,93.0,97.0,97.0,95.0,97.04,100.0,88.0,86.0,93.0,95.0,100.0,100
43.21,45.52,45.98,84.0,0.0,44.96,29.99,44.98,49.18,43.41,44.59,48.73,94.0,51.45,81.31,76.0,88.0,75.0,85.0,0.0,70.0,88.25
89.0,97.29,98.0,26.93,0.0,91.0,90.0,88.0,93.5,91.0,91.0,94.0,84.0,100.0,100.0,90.0,98.0,91.0,85.0,98.0,100.0,99
43.21,45.52,45.98,26.93,-0.44,44.96,29.99,44.98,49.18,43.41,44.59,48.73,50.54,51.45,52.63,57.58,55.58,48.36,54.93,55.07,59.0,98.53
83.0,88.0,91.0,26.93,-0.44,96.0,73.0,92.0,99.4,88.0,92.0,78.0,80.0,82.0,80.0,100.0,73.0,0.0,84.0,77.0,100.0,91
43.21,45.52,45.98,26.93,-0.44,44.96,29.99,44.98,49.18,43.41,44.59,48.73,50.54,51.45,52.63,96.0,55.58,48.36,80.0,64.0,88.0,81
80.0,90.0,97.0,26.93,-0.44,91.0,85.0,96.0,99.5,43.41,90.0,85.0,91.0,81.0,93.0,83.0,90.0,81.0,77.0,87.0,100.0,94
43.21,45.52,45.98,26.93,-0.44,44.96,29.99,44.98,49.18,43.41,44.59,88.0,83.0,75.0,97.65,100.0,87.0,89.0,73.0,91.0,100.0,88.5
43.21,45.52,45.98,26.93,-0.44,44.96,29.99,44.98,49.18,43.41,44.59,84.2,79.0,70.0,84.59,74.0,78.0,85.0,70.0,70.0,91.0,45.6
43.21,45.52,45.98,26.93,-0.44,44.96,29.99,44.98,49.18,43.41,44.59,48.73,50.54,51.45,52.63,57.58,55.58,48.36,54.93,55.07,59.0,98.75
43.21,45.52,45.98,26.93,-0.44,44.96,29.99,44.98,49.18,43.41,44.59,48.73,50.54,51.45,52.63,57.58,55.58,48.36,54.93,55.07,59.0,99.24
43.21,45.52,45.98,26.93,-0.44,44.96,29.99,44.98,49.18,43.41,44.59,48.73,83.0,84.0,86.19,100.0,91.0,48.36,66.0,64.0,100.0,0
82.0,95.0,89.0,26.93,-0.44,88.0,29.99,83.0,100.0,43.41,88.0,88.0,86.0,85.0,86.62,94.0,74.0,74.0,81.0,85.0,98.0,90
43.21,45.52,45.98,26.93,-0.44,44.96,29.99,44.98,49.18,43.41,44.59,98.0,95.0,90.0,91.53,60.0,97.0,92.0,93.0,87.0,80.0,90
82.0,90.0,85.0,26.93,-0.44,93.0,88.0,89.0,100.0,86.0,84.0,93.0,89.0,84.0,81.62,71.0,74.0,70.0,92.0,80.0,84.0,98
90.0,95.0,92.0,78.0,-0.44,77.0,91.0,89.0,100.0,85.0,90.0,99.0,90.0,81.0,88.36,94.0,90.0,83.0,92.0,97.0,94.0,100
43.21,45.52,45.98,26.93,-0.44,44.96,29.99,44.98,49.18,43.41,44.59,48.73,50.54,51.45,52.63,57.58,55.58,48.36,54.93,55.07,59.0,62.88
43.21,45.52,45.98,26.93,-0.44,44.96,29.99,44.98,49.18,43.41,44.59,48.73,90.0,88.0,100.0,93.0,98.0,94.0,91.0,94.0,89.0,96.07
43.21,45.52,45.98,26.93,-0.44,44.96,29.99,44.98,49.18,43.41,44.59,48.73,50.54,51.45,52.63,57.58,55.58,48.36,54.93,55.07,59.0,81.28
76.0,85.0,77.0,82.0,-0.44,91.0,76.0,80.0,95.4,87.0,88.0,84.0,76.0,75.0,87.24,80.0,74.0,80.0,79.0,78.0,100.0,86.89
43.21,45.52,45.98,26.93,-0.44,44.96,29.99,44.98,49.18,43.41,44.59,48.73,50.54,51.45,52.63,100.0,55.58,48.36,88.0,55.07,92.0,89
43.21,45.52,45.98,26.93,-0.44,44.96,29.99,44.98,49.18,43.41,44.59,85.0,92.0,73.0,92.0,100.0,90.0,82.0,75.0,81.0,100.0,90.44
43.21,45.52,45.98,26.93,-0.44,44.96,29.99,44.98,49.18,43.41,44.59,74.0,50.54,51.45,52.63,83.0,81.0,48.36,95.0,72.91,93.0,0
86.0,90.0,99.0,95.0,-0.44,93.0,76.0,88.0,98.9,99.0,84.0,95.0,94.0,95.0,99.43,100.0,90.0,86.0,98.0,93.0,96.0,100
74.0,85.0,84.0,91.0,-0.44,91.0,77.0,75.0,100.0,97.0,91.0,78.0,89.0,85.0,85.05,80.0,85.0,74.0,91.0,87.0,81.0,0
43.21,45.52,45.98,26.93,-0.44,44.96,29.99,44.98,49.18,43.41,44.59,48.73,88.0,51.45,83.61,81.0,88.3,91.0,84.0,79.0,70.0,88
43.21,45.52,45.98,26.93,-0.44,44.96,75.0,44.98,49.18,43.41,44.59,85.0,86.0,86.0,91.74,88.0,80.0,81.0,85.0,86.0,92.0,0
43.21,45.52,45.98,26.93,-0.44,44.96,29.99,44.98,49.18,43.41,44.59,48.73,50.54,51.45,52.63,57.58,86.3,48.36,54.93,55.07,59.0,77
43.21,45.52,45.98,26.93,-0.44,44.96,29.99,44.98,49.18,43.41,44.59,48.73,50.54,51.45,52.63,93.0,55.58,48.36,54.93,55.07,83.0,94.5
86.0,95.0,86.0,26.93,-0.44,95.5,80.0,86.0,98.5,88.0,95.0,87.0,91.0,88.0,90.37,100.0,94.0,89.0,90.0,86.0,100.0,98
43.21,45.52,45.98,26.93,-0.44,44.96,29.99,44.98,49.18,43.41,44.59,48.73,50.54,51.45,52.63,84.0,84.6,48.36,54.93,55.07,75.0,83
43.21,45.52,45.98,26.93,-0.44,44.96,29.99,44.98,49.18,43.41,44.59,78.0,50.54,72.0,72.18,93.0,75.0,72.0,71.0,75.0,70.0,24.79
89.0,88.0,94.0,90.0,-0.44,70.0,81.0,82.0,97.4,89.0,84.0,95.0,93.0,85.0,88.03,71.0,77.0,87.0,71.0,70.0,75.0,0
43.21,45.52,45.98,26.93,-0.44,44.96,29.99,44.98,49.18,43.41,44.59,70.0,76.0,81.0,71.52,92.0,80.0,83.0,78.0,82.0,82.0,81.41
79.0,90.0,100.0,26.93,-0.44,95.0,78.0,91.0,100.0,91.0,86.0,84.0,94.0,84.0,91.3,100.0,70.0,83.0,81.0,89.0,100.0,93
43.21,45.52,45.98,26.93,-0.44,44.96,29.99,44.98,49.18,43.41,44.59,78.0,82.0,85.0,88.83,88.0,70.0,72.0,51.0,77.0,79.0,91
43.21,45.52,45.98,26.93,-0.44,44.96,29.99,44.98,49.18,43.41,44.59,48.73,50.54,51.45,52.63,57.58,55.58,48.36,54.93,55.07,59.0,87.62
81.0,0.0,93.0,85.0,-0.44,83.0,29.99,81.0,96.7,98.0,78.0,48.73,50.54,82.0,70.26,72.0,96.0,81.0,35.0,64.0,60.0,69.69
43.21,45.52,45.98,26.93,-0.44,44.96,29.99,44.98,49.18,43.41,44.59,48.73,0.0,51.45,52.63,57.58,75.6,48.36,54.93,55.07,59.0,0
84.0,85.0,92.0,26.93,-0.44,85.0,79.0,87.0,91.4,91.0,85.0,87.0,85.0,76.0,70.78,100.0,81.0,71.0,80.0,70.0,86.0,80
43.21,45.52,45.98,26.93,-0.44,44.96,29.99,44.98,49.18,90.0,44.59,48.73,50.54,51.45,52.63,57.58,55.58,48.36,54.93,55.07,59.0,72.3
43.21,45.52,45.98,26.93,-0.44,44.96,29.99,44.98,49.18,43.41,44.59,48.73,50.54,51.45,52.63,57.58,91.2,92.0,54.93,55.07,59.0,43.76
94.0,90.0,97.0,90.0,-0.44,83.0,29.99,87.0,98.5,98.3,90.0,48.73,87.0,100.0,100.0,100.0,95.0,48.36,89.0,86.0,82.0,69
43.21,45.52,45.98,26.93,-0.44,44.96,29.99,44.98,49.18,43.41,44.59,48.73,50.54,51.45,52.63,57.58,82.3,48.36,54.93,55.07,59.0,100
43.21,45.52,45.98,26.93,-0.44,44.96,29.99,44.98,49.18,43.41,44.59,48.73,50.54,51.45,52.63,93.0,87.0,84.0,86.0,91.21,95.0,77.44
43.21,45.52,45.98,26.93,-0.44,44.96,29.99,44.98,49.18,43.41,44.59,48.73,50.54,51.45,52.63,57.58,55.58,48.36,54.93,55.07,59.0,93.66
43.21,45.52,45.98,26.93,-0.44,44.96,29.99,44.98,49.18,84.0,44.59,48.73,50.54,51.45,52.63,57.58,71.0,48.36,54.93,55.07,59.0,50.33
43.21,45.52,45.98,26.93,-0.44,44.96,71.0,44.98,49.18,43.41,44.59,71.0,81.0,78.0,81.94,96.0,73.0,70.0,81.0,71.0,87.0,81.04
43.21,45.52,45.98,26.93,-0.44,44.96,29.99,44.98,49.18,43.41,44.59,48.73,50.54,51.45,52.63,57.58,82.1,48.36,54.93,55.07,59.0,86.78
43.21,45.52,45.98,26.93,-0.44,44.96,29.99,44.98,49.18,43.41,44.59,73.0,87.0,81.0,97.8,76.0,80.0,85.0,64.0,92.0,87.0,25
43.21,45.52,45.98,26.93,-0.44,44.96,29.99,44.98,49.18,43.41,44.59,48.73,50.54,51.45,52.63,57.58,55.58,48.36,54.93,55.07,59.0,85.28
43.21,45.52,45.98,26.93,-0.44,44.96,29.99,44.98,49.18,43.41,44.59,48.73,50.54,51.45,52.63,57.58,75.0,75.0,54.93,55.07,59.0,87.52
87.0,85.0,89.0,89.0,-0.44,88.0,29.99,85.0,100.0,88.0,89.0,96.0,80.0,85.0,82.35,86.0,87.0,98.0,86.0,85.0,100.0,97
43.21,45.52,45.98,26.93,-0.44,44.96,29.99,44.98,49.18,43.41,44.59,77.0,50.54,51.45,52.63,57.58,78.0,76.0,54.93,55.07,59.0,75.25
43.21,45.52,45.98,26.93,-0.44,44.96,29.99,44.98,49.18,43.41,44.59,48.73,78.0,77.0,81.51,90.0,93.0,99.0,75.0,70.0,75.0,88.52
96.0,95.0,100.0,85.0,-0.44,90.0,96.0,98.0,98.95,91.0,87.0,100.0,96.0,94.0,95.19,85.0,95.0,90.5,95.0,97.0,73.0,100
91.0,95.0,96.0,26.93,-0.44,93.0,87.0,89.0,97.9,88.0,88.0,95.0,97.0,83.0,97.0,100.0,91.0,88.0,86.0,93.0,98.0,95
84.0,45.52,45.98,26.93,-0.44,44.96,29.99,44.98,49.18,43.41,44.59,70.6,50.54,85.5,73.71,70.0,81.0,74.0,0.0,70.0,70.0,1.33
43.21,45.52,45.98,26.93,-0.44,44.96,29.99,44.98,49.18,84.7,44.59,48.73,50.54,51.45,52.63,57.58,55.58,48.36,54.93,55.07,59.0,0
43.21,45.52,45.98,26.93,-0.44,44.96,29.99,44.98,49.18,98.0,44.59,48.73,50.54,51.45,52.63,57.58,55.58,48.36,54.93,55.07,59.0,80.75
43.21,45.52,45.98,83.0,-0.44,44.96,29.99,44.98,49.18,98.0,44.59,48.73,50.54,51.45,52.63,57.58,55.58,48.36,54.93,55.07,59.0,91.2
43.21,45.52,45.98,26.93,-0.44,44.96,29.99,44.98,49.18,43.41,44.59,97.4,83.0,91.0,84.68,88.0,98.0,0.0,94.0,83.0,95.0,89
43.21,45.52,45.98,26.93,-0.44,44.96,29.99,44.98,49.18,43.41,44.59,48.73,93.0,51.45,52.63,91.0,55.58,48.36,90.0,84.04,96.0,100
90.0,95.0,90.0,90.0,-0.44,96.0,29.99,92.0,95.2,88.0,90.0,99.0,89.0,88.0,88.89,82.0,90.0,81.0,94.0,93.0,100.0,91
43.21,45.52,45.98,26.93,-0.44,44.96,29.99,44.98,49.18,43.41,44.59,48.73,50.54,51.45,52.63,57.58,81.8,48.36,78.0,55.07,59.0,83.6
85.0,88.0,88.0,90.0,-0.44,90.0,77.0,82.0,94.9,88.0,80.0,84.0,89.0,84.0,80.62,75.0,75.0,91.0,83.0,89.0,81.0,95
93.0,90.0,92.0,80.0,-0.44,92.0,86.0,90.0,91.8,88.0,89.0,93.0,91.0,81.0,83.72,88.0,86.0,87.0,86.0,73.0,91.0,94
84.0,88.0,95.0,26.93,-0.44,92.0,91.0,89.0,95.0,43.41,90.0,87.0,87.0,80.0,87.8,82.0,78.0,80.0,87.0,79.0,82.0,87
43.21,45.52,45.98,26.93,-0.44,44.96,29.99,44.98,49.18,43.41,44.59,48.73,50.54,51.45,52.63,57.58,55.58,48.36,54.93,55.07,59.0,100
95.0,95.0,92.0,89.0,-0.44,93.0,84.0,87.0,100.0,99.0,94.0,97.0,83.0,90.0,89.39,100.0,92.0,89.0,91.0,88.0,90.0,95
87.0,85.0,98.0,91.0,-0.44,91.0,78.0,91.0,100.0,97.0,91.0,80.0,90.0,85.0,85.13,97.0,74.0,81.0,85.0,72.0,100.0,91
43.21,45.52,45.98,26.93,0.0,44.96,29.99,44.98,49.18,43.41,44.59,48.73,50.54,51.45,52.63,57.58,55.58,48.36,54.93,55.07,59.0,96
43.21,95.0,98.0,26.93,-0.44,96.0,29.99,95.0,100.0,43.41,90.0,48.73,89.0,93.0,91.7,100.0,82.0,48.36,83.0,89.0,100.0,99
93.0,95.0,98.0,90.0,-0.44,93.0,95.0,99.0,100.0,98.0,89.0,98.0,91.0,88.0,92.59,94.0,98.0,88.0,93.0,96.0,98.0,100
43.21,45.52,45.98,26.93,-0.44,44.96,29.99,44.98,49.18,68.0,44.59,48.73,50.54,51.45,52.63,80.0,80.0,86.0,72.0,55.07,70.0,47.29
43.21,45.52,45.98,26.93,0.0,44.96,29.99,44.98,49.18,90.0,44.59,48.73,50.54,51.45,52.63,57.58,55.58,48.36,54.93,99.0,59.0,87
75.0,80.0,78.0,26.93,-0.44,78.0,81.0,84.0,93.0,43.41,86.0,80.0,75.0,78.0,73.15,100.0,70.0,77.0,79.0,80.0,87.0,82
43.21,45.52,45.98,26.93,-0.44,44.96,29.99,44.98,49.18,43.41,44.59,48.73,50.54,51.45,52.63,57.58,55.58,48.36,54.93,55.07,59.0,100
43.21,45.52,45.98,26.93,-0.44,44.96,29.99,44.98,49.18,86.0,44.59,48.73,50.54,51.45,52.63,57.58,55.58,48.36,54.93,55.07,59.0,98.88
80.0,80.0,88.0,72.0,-0.44,79.0,77.0,81.0,97.9,70.0,82.0,78.0,75.0,76.0,79.0,85.0,77.0,74.0,74.0,77.0,98.0,86
83.0,90.0,87.0,97.0,-0.44,89.0,90.0,79.0,100.0,90.0,84.0,96.0,85.0,85.0,79.32,70.0,71.0,83.0,85.0,83.0,78.0,86
43.21,45.52,45.98,26.93,0.0,44.96,29.99,44.98,49.18,43.41,44.59,77.7,50.54,79.0,52.63,70.0,84.0,73.0,84.0,77.13,95.0,70
43.21,45.52,45.98,26.93,-0.44,44.96,29.99,44.98,94.57,43.41,44.59,48.73,50.54,51.45,52.63,89.0,86.7,80.0,54.93,55.07,86.0,96.25
43.21,45.52,45.98,26.93,-0.44,44.96,85.0,44.98,49.18,43.41,44.59,86.0,83.0,51.45,52.63,91.0,78.0,83.0,84.0,84.0,90.0,76
98.0,95.0,96.0,26.93,-0.44,96.7,29.99,96.0,100.0,99.0,93.0,48.73,95.0,95.0,92.13,100.0,93.0,48.36,95.0,91.0,94.0,99
43.21,45.52,45.98,26.93,-0.44,44.96,29.99,44.98,49.18,87.0,44.59,48.73,50.54,51.45,52.63,80.0,55.58,48.36,92.0,72.04,84.0,96
84.0,78.0,75.0,26.93,-0.44,81.0,74.0,80.0,84.95,86.0,85.0,79.0,82.0,83.0,89.2,98.0,78.0,71.0,71.0,73.0,88.0,88
43.21,45.52,45.98,26.93,-0.44,44.96,29.99,44.98,49.18,92.0,44.59,48.73,50.54,51.45,52.63,57.58,96.0,100.0,94.0,55.07,59.0,93
86.0,97.0,94.0,91.0,-0.44,90.0,95.0,92.0,100.0,90.0,93.0,97.0,91.0,89.0,81.45,74.0,77.0,90.0,72.0,86.0,72.0,30
43.21,45.52,45.98,26.93,-0.44,44.96,29.99,44.98,49.18,43.41,44.59,80.0,50.54,51.45,52.63,57.58,79.0,67.0,54.93,70.84,59.0,73.11
43.21,45.52,45.98,26.93,-0.44,44.96,29.99,44.98,49.18,43.41,44.59,48.73,50.54,51.45,52.63,78.0,78.7,48.36,54.93,81.25,88.0,81.17
81.0,85.0,83.0,93.0,-0.44,70.0,29.99,80.0,88.3,93.0,83.0,74.0,73.0,82.0,82.07,86.0,78.0,76.0,80.0,77.0,82.0,81
81.0,85.0,79.0,93.0,-0.44,86.0,81.0,79.0,74.9,75.0,77.0,71.0,87.0,78.0,78.2,85.0,78.0,77.0,0.0,83.0,94.0,72
43.21,45.52,45.98,26.93,-0.44,44.96,29.99,44.98,49.18,43.41,44.59,48.73,50.54,51.45,52.63,85.0,84.8,48.36,54.93,55.07,79.0,71.54
43.21,45.52,45.98,26.93,-0.44,44.96,29.99,44.98,49.18,43.41,44.59,40.0,76.0,74.0,75.19,93.0,66.0,70.0,23.0,76.0,93.0,92
88.0,90.0,93.0,26.93,-0.44,92.0,29.99,84.0,97.1,97.3,89.0,48.73,86.0,81.0,81.37,100.0,95.0,84.0,77.0,77.0,100.0,83.29
43.21,45.52,45.98,26.93,-0.44,44.96,29.99,44.98,49.18,43.41,44.59,84.2,50.54,51.45,52.63,57.58,80.0,48.36,54.93,55.07,59.0,70
43.21,45.52,45.98,92.0,-0.44,44.96,29.99,44.98,49.18,43.41,44.59,48.73,50.54,51.45,52.63,57.58,98.0,48.36,54.93,55.07,59.0,100
82.0,70.0,78.0,73.0,-0.44,92.0,70.0,64.0,73.0,90.5,70.0,70.0,70.0,79.0,70.0,74.0,73.0,70.0,74.0,40.0,77.0,78
93.0,60.0,84.0,26.93,-0.44,94.0,29.99,70.0,65.5,95.0,70.0,48.73,71.0,73.0,70.0,71.0,59.0,77.0,79.0,70.0,76.0,82
43.21,45.52,45.98,26.93,-0.44,44.96,29.99,44.98,49.18,43.41,44.59,48.73,50.54,51.45,52.63,57.58,55.58,48.36,54.93,55.07,59.0,30
43.21,45.52,45.98,26.93,-0.44,44.96,29.99,44.98,49.18,43.41,44.59,81.9,50.54,51.45,52.63,57.58,80.0,70.0,70.0,55.07,59.0,82.61
43.21,45.52,45.98,26.93,-0.44,44.96,29.99,44.98,49.18,95.3,44.59,48.73,50.54,51.45,52.63,57.58,55.58,48.36,54.93,55.07,59.0,92.33
43.21,45.52,45.98,26.93,-0.44,44.96,29.99,44.98,49.18,43.41,44.59,48.73,50.54,51.45,52.63,57.58,55.58,88.0,70.0,55.07,59.0,93.24
91.0,95.0,100.0,26.93,-0.44,100.0,89.0,96.0,98.0,43.41,95.0,95.0,94.0,89.0,100.0,100.0,86.0,88.0,85.0,90.0,100.0,97
90.0,45.52,90.0,90.0,0.0,92.0,97.0,91.0,96.5,90.0,98.0,95.0,83.0,87.0,92.03,100.0,90.0,82.0,85.0,92.0,100.0,80.52
43.21,0.0,100.0,95.0,-0.44,100.0,29.99,96.0,100.0,99.0,92.0,48.73,88.0,97.0,97.2,84.0,100.0,48.36,98.0,100.0,100.0,97.18
95.0,45.52,100.0,26.93,-0.44,92.0,29.99,89.0,100.0,96.33,70.0,97.0,91.0,92.0,98.9,78.0,94.0,48.36,76.0,84.0,81.0,80
97.0,45.52,99.0,94.0,0.0,88.0,90.0,95.0,96.78,92.0,87.24,88.0,93.0,91.0,98.89,100.0,90.0,100.0,83.0,99.0,94.0,95.65
43.21,99.75,45.98,26.93,-0.44,44.96,29.99,44.98,49.18,43.41,44.59,48.73,95.0,96.0,100.0,93.0,55.58,48.36,100.0,95.0,82.0,93
88.0,90.0,87.0,26.93,-0.44,44.96,29.99,15.0,65.5,43.41,78.0,93.0,63.0,0.0,71.91,100.0,72.0,80.5,12.0,50.0,84.0,72
43.21,95.0,45.98,26.93,-0.44,44.96,29.99,44.98,49.18,43.41,44.59,83.5,50.54,51.45,52.63,90.0,90.0,90.0,80.0,77.68,100.0,78.6
94.0,89.0,99.0,26.93,0.0,89.0,29.99,99.0,94.51,95.0,90.0,48.73,98.0,93.0,100.0,97.0,91.0,48.36,93.0,99.0,98.0,92.58
43.21,45.52,45.98,26.93,-0.44,44.96,29.99,44.98,49.18,43.41,44.59,48.73,50.54,51.45,52.63,57.58,55.58,48.36,54.93,55.07,59.0,0
43.21,45.52,45.98,26.93,-0.44,44.96,29.99,44.98,49.18,43.41,44.59,48.73,50.54,51.45,52.63,87.0,95.0,71.0,81.0,70.0,90.0,82.85
96.0,90.34,91.0,26.93,-0.44,87.0,90.0,90.0,98.57,90.0,94.73,86.0,87.0,88.0,97.23,94.0,95.0,87.0,89.0,95.0,97.0,90.36
43.21,92.5,45.98,26.93,-0.44,44.96,29.99,44.98,49.18,93.0,44.59,86.0,91.0,86.0,92.71,92.0,96.0,48.36,90.0,95.0,95.0,100
43.21,85.0,45.98,26.93,-0.44,44.96,29.99,44.98,49.18,43.41,44.59,86.0,84.0,81.0,52.63,99.0,80.0,70.0,76.0,76.0,71.0,76
43.21,45.52,45.98,26.93,-0.44,44.96,29.99,44.98,49.18,96.0,44.59,48.73,80.0,51.45,52.63,0.0,87.0,48.36,0.0,70.0,70.0,38
43.21,45.52,45.98,26.93,-0.44,44.96,29.99,86.0,49.18,43.41,44.59,87.2,84.0,72.0,74.57,88.0,90.0,90.0,81.0,0.1,84.0,83
86.0,88.0,94.0,92.0,0.0,100.0,79.0,82.0,100.0,94.0,90.0,93.0,80.0,98.33,85.02,93.0,90.0,76.0,84.0,79.0,95.0,99
84.0,45.52,74.0,93.0,-0.44,86.1,75.0,85.08,95.0,87.0,84.0,84.0,72.0,81.0,84.72,84.0,78.0,88.0,80.0,78.0,77.0,83
97.0,91.84,100.0,26.93,0.0,94.0,29.99,100.0,100.0,93.0,94.0,48.73,91.0,100.0,100.0,100.0,88.0,48.36,93.0,99.0,93.0,100
43.21,100.0,45.98,26.93,-0.44,44.96,29.99,44.98,49.18,43.41,44.59,97.0,84.0,81.0,80.79,79.0,93.0,88.0,77.0,85.0,90.0,90.9
43.21,45.52,45.98,26.93,-0.44,44.96,29.99,44.98,49.18,43.41,44.59,78.0,80.0,71.0,74.85,97.0,88.0,78.0,77.0,71.0,70.0,34
83.0,88.0,89.0,26.93,-0.44,94.0,72.0,71.0,90.0,97.3,85.0,88.0,84.0,85.0,79.23,100.0,90.0,77.0,90.0,76.0,100.0,97
43.21,45.52,45.98,26.93,0.0,44.96,29.99,44.98,49.18,43.41,44.59,48.73,50.54,51.45,52.63,84.0,77.0,83.0,86.0,80.0,78.0,95
71.0,90.0,86.0,93.0,-0.44,88.0,63.0,80.0,94.7,82.0,85.0,90.0,82.0,90.0,88.7,98.0,88.0,92.0,86.0,87.0,96.0,75.93
60.0,45.52,70.0,88.0,0.0,90.0,74.0,76.0,77.48,87.0,79.95,75.0,78.0,72.0,80.2,83.0,82.0,75.0,78.0,81.0,94.0,76.27
43.21,45.52,45.98,26.93,-0.44,44.96,29.99,44.98,49.18,43.41,44.59,90.9,50.54,51.45,52.63,88.0,87.0,100.0,94.0,98.34,95.0,85.65
74.0,45.52,84.0,76.0,0.0,80.0,74.0,81.0,100.0,87.0,83.0,84.0,73.0,87.69,75.89,81.0,70.0,89.0,76.0,79.0,92.0,73.83
43.21,90.0,45.98,26.93,-0.44,44.96,29.99,44.98,49.18,98.0,44.59,48.73,84.0,94.0,81.1,71.0,90.7,48.36,84.0,77.0,78.0,0
89.0,45.52,100.0,95.0,-0.44,95.4,29.99,90.0,100.0,43.41,92.0,95.0,91.0,0.0,95.92,100.0,55.58,92.0,0.0,86.0,100.0,0
100.0,95.0,95.0,78.0,-0.44,91.0,92.0,91.0,98.46,81.0,93.88,95.0,98.0,97.0,95.0,100.0,99.0,100.0,94.0,99.0,100.0,98
86.0,70.0,83.0,26.93,-0.44,89.0,29.99,83.0,94.81,92.0,86.87,48.73,82.0,83.0,85.63,97.0,84.0,48.36,89.0,86.0,84.0,96.1
86.0,90.53,92.0,94.0,0.0,81.0,79.0,89.41,96.5,96.8,92.0,91.0,89.0,92.81,74.2,93.0,80.0,73.0,83.0,82.0,100.0,95
87.0,85.0,84.0,26.93,0.0,90.0,70.0,87.0,90.1,92.0,81.0,85.0,87.0,78.0,94.81,88.0,70.0,77.0,76.0,76.0,79.0,84.8
43.21,89.08,45.98,26.93,0.0,95.0,29.99,90.46,99.0,94.0,94.0,48.73,70.0,89.0,99.02,83.0,95.0,93.5,72.0,73.0,85.0,75
95.0,91.19,95.0,78.0,0.0,90.0,91.0,90.0,100.0,91.5,77.0,99.0,93.0,88.0,100.0,96.0,100.0,87.0,89.0,97.0,77.0,83
91.0,90.17,95.0,97.0,0.0,94.0,0.0,100.0,97.25,95.0,100.0,95.0,95.0,95.0,100.0,100.0,100.0,48.36,92.0,97.0,100.0,96
95.0,90.0,90.0,26.93,0.0,89.0,29.99,44.98,97.74,43.41,85.03,93.0,92.0,91.0,97.04,98.0,87.0,48.36,87.0,93.0,96.0,95.36
95.0,97.18,97.0,26.93,0.0,95.0,99.0,97.09,100.0,94.1,94.0,94.0,93.0,100.0,87.0,100.0,74.0,48.36,87.0,83.0,93.0,100
81.0,94.46,87.0,94.0,0.0,91.0,29.99,91.38,100.0,90.0,79.0,90.0,90.0,93.1,100.0,92.0,93.0,84.0,78.0,84.0,100.0,100
93.0,85.0,92.0,26.93,0.0,94.0,80.0,93.0,99.23,87.0,92.09,94.0,86.0,86.0,96.08,89.0,80.0,84.0,84.0,82.0,100.0,85.13
78.0,85.0,83.0,79.0,0.0,88.0,0.0,74.0,92.06,88.0,81.0,80.0,71.0,78.0,88.0,78.0,66.0,79.0,80.0,78.0,78.0,77.93
96.0,97.55,95.0,90.0,0.0,89.0,29.99,96.9,100.0,98.2,85.0,96.0,86.0,96.0,100.0,81.0,99.0,95.0,94.0,99.0,79.0,100
92.0,85.93,95.0,88.0,0.0,95.0,0.0,98.84,92.0,99.65,97.0,97.0,87.0,100.0,97.5,100.0,89.0,87.0,86.0,89.0,96.0,100
97.0,95.0,96.0,82.0,0.0,85.0,90.0,96.0,100.0,85.0,92.0,92.0,84.0,95.0,90.8,96.0,96.0,96.0,89.0,96.0,86.0,92.09
86.0,88.0,90.0,26.93,0.0,89.0,86.0,91.0,95.48,93.0,88.2,91.0,89.0,95.0,100.0,100.0,90.0,96.0,91.0,90.0,98.0,99.85
87.0,85.0,87.0,89.0,0.0,93.0,29.99,84.0,91.08,90.0,98.23,91.0,84.0,80.0,99.48,100.0,81.0,92.0,85.0,96.0,100.0,88.04
74.0,76.99,92.0,77.0,0.0,90.0,74.0,85.0,70.5,82.0,93.0,37.0,82.0,83.38,80.32,79.0,75.0,56.0,80.0,86.0,88.0,85
82.0,88.0,84.0,88.0,0.0,91.0,60.0,82.0,82.97,87.0,83.0,78.0,82.0,77.0,91.0,70.0,82.0,76.0,76.0,78.0,74.0,73.48
80.0,82.42,85.0,93.0,0.0,90.0,90.0,88.14,95.0,98.3,83.0,88.0,87.0,92.45,92.04,85.0,84.0,85.0,84.0,92.0,86.0,0
83.0,77.01,90.0,26.93,0.0,91.0,98.0,91.45,98.25,92.0,89.0,98.0,86.0,95.34,88.68,89.0,80.0,90.0,84.0,96.0,80.0,96.17
73.0,88.0,78.0,84.0,0.0,82.0,29.99,80.0,85.27,87.0,85.03,82.0,84.0,79.0,76.5,78.0,72.0,79.0,83.0,79.0,72.0,85.6
72.0,77.74,88.0,75.0,0.0,71.0,29.99,91.38,79.0,84.0,80.0,90.0,88.0,91.42,98.05,90.0,71.0,48.36,48.0,90.0,84.0,88
0.0,88.0,93.0,91.0,0.0,91.0,85.0,86.0,97.26,87.0,93.55,78.0,77.0,80.0,87.0,94.0,80.0,81.0,87.0,87.0,96.0,93
89.0,88.0,80.0,90.0,0.0,85.0,71.0,83.0,97.15,92.0,88.0,88.0,87.0,79.0,85.61,98.0,76.0,77.0,85.0,87.0,83.0,87.51
78.0,73.33,83.0,85.0,0.0,84.0,78.0,79.29,74.5,88.8,74.0,84.0,52.0,76.28,77.39,80.0,76.0,80.0,70.0,76.0,99.0,95
100.0,95.0,98.0,95.0,-0.44,85.0,99.0,93.0,99.04,95.0,88.38,94.0,95.0,94.0,100.0,99.0,99.0,100.0,96.0,99.0,96.0,99.08
90.0,91.57,91.0,98.0,0.0,94.0,78.0,85.42,97.0,91.0,93.0,85.0,94.0,89.98,89.24,78.0,83.0,76.0,76.0,85.0,80.0,70
76.0,88.48,85.0,80.0,0.0,73.0,71.0,78.86,79.8,91.5,72.0,70.0,70.0,96.75,74.28,73.0,70.0,75.0,76.0,70.0,81.0,95
94.0,90.0,90.0,26.93,0.0,85.0,87.0,92.0,97.67,90.0,92.0,81.0,91.0,91.0,96.14,93.0,83.0,84.0,81.0,96.0,99.0,86.25
80.0,92.92,88.0,26.93,0.0,87.0,29.99,89.59,97.0,43.41,85.0,93.0,72.0,86.2,79.58,80.0,74.0,78.0,82.0,82.0,79.0,51
100.0,95.0,100.0,26.93,-0.44,90.0,95.0,99.0,99.34,43.41,98.83,98.0,99.0,93.0,98.0,100.0,98.0,99.0,97.0,99.0,100.0,97
82.0,87.6,80.0,87.0,0.0,0.0,86.0,78.57,94.0,80.0,79.0,90.0,74.0,96.84,83.02,88.0,90.0,77.0,76.0,74.0,77.0,100
85.0,87.5,90.0,26.93,0.0,77.0,88.0,92.88,100.0,92.5,87.0,90.0,85.0,100.0,100.0,89.0,85.0,91.0,89.0,95.0,77.0,99
83.0,94.15,90.0,26.93,0.0,86.0,0.0,84.32,100.0,96.61,79.0,95.0,83.0,93.14,87.93,90.0,78.0,31.0,91.0,79.0,88.0,95
100.0,90.0,93.0,26.93,0.0,90.0,29.99,94.0,98.81,93.0,96.79,88.0,90.0,96.0,98.51,99.0,90.0,98.0,94.0,93.0,96.0,98.43
97.0,88.2,84.0,90.0,0.0,88.0,95.0,96.07,94.5,88.0,85.0,100.0,87.0,96.0,90.04,73.0,89.0,98.0,99.0,96.0,83.0,99
84.0,90.47,90.0,91.0,0.0,86.0,86.0,90.14,97.75,82.0,88.0,90.0,84.0,97.21,94.88,100.0,90.0,79.0,85.0,86.0,100.0,97.67
43.21,95.0,45.98,90.0,0.0,44.96,29.99,89.0,49.18,86.0,44.59,97.0,87.0,93.0,100.0,93.0,83.0,90.0,82.0,94.0,84.0,86.1
73.0,75.34,83.0,88.0,0.0,89.0,81.0,77.6,90.0,83.0,84.0,75.0,71.0,98.88,77.83,81.0,72.0,92.0,85.0,78.0,88.0,71.48
100.0,95.0,97.0,26.93,0.0,86.0,95.0,96.0,97.92,95.0,86.0,48.73,96.0,92.0,98.0,100.0,99.0,100.0,92.0,97.0,97.0,99
97.0,93.36,93.0,26.93,0.0,93.0,29.99,98.39,99.0,87.0,93.0,48.73,93.0,95.38,94.56,89.0,93.0,84.0,74.0,92.0,92.0,0
100.0,95.0,99.0,26.93,0.0,88.0,29.99,97.0,99.97,91.0,84.0,97.0,96.0,90.0,100.0,100.0,99.0,97.0,91.0,98.0,94.0,85.59
100.0,95.0,95.0,81.0,0.0,89.0,86.0,89.0,98.4,89.0,91.0,93.0,90.0,92.0,96.0,99.0,92.0,93.0,91.0,98.0,89.0,91.14
0.0,88.0,92.0,26.93,0.0,86.0,29.99,91.0,96.38,90.0,89.0,48.73,75.0,85.0,89.25,100.0,89.0,0.0,91.0,90.0,96.0,90.71
75.0,77.32,82.0,80.0,0.0,87.0,88.0,73.47,84.0,83.0,92.0,85.0,77.0,90.03,83.91,100.0,70.0,71.0,79.0,75.0,100.0,100
82.0,93.72,92.0,79.0,0.0,81.0,91.0,86.01,100.0,94.0,81.0,96.0,91.0,88.95,95.85,70.0,80.0,94.0,75.0,96.0,79.0,95.67
81.0,90.54,91.0,26.93,-0.44,93.0,87.0,77.88,98.0,91.94,92.0,78.0,75.0,85.13,90.0,96.0,72.0,80.0,77.0,78.0,100.0,91
96.0,95.0,91.0,94.0,0.0,83.0,29.99,92.0,97.43,43.41,84.0,48.73,82.0,92.0,100.0,80.0,55.58,93.0,85.0,92.0,87.0,80.68
74.0,88.0,81.0,26.93,0.0,78.0,36.0,79.0,92.01,80.0,95.0,78.0,85.0,82.0,91.25,98.0,81.0,70.99,87.0,91.0,96.0,93
92.0,87.87,87.0,94.0,0.0,90.0,97.0,81.17,75.0,93.0,95.0,98.0,85.0,88.12,87.25,82.0,76.0,77.0,79.0,83.0,79.0,70
100.0,45.52,95.0,90.0,-0.44,94.0,29.99,99.0,99.11,94.0,99.23,48.73,89.0,100.0,100.0,93.0,55.58,48.36,90.0,95.0,96.0,97
80.0,89.39,88.0,83.0,0.0,79.0,97.0,81.94,88.5,88.0,86.0,90.0,74.0,87.25,78.57,78.0,73.0,70.0,81.0,80.0,87.0,89
99.0,95.0,94.0,26.93,0.0,92.0,85.0,96.0,99.58,92.0,92.0,88.0,95.0,97.0,100.0,96.0,98.0,91.0,93.0,97.0,97.0,98.69
72.0,78.1,96.0,65.0,0.0,72.0,75.0,87.3,99.0,76.8,88.0,65.0,87.0,82.81,76.15,82.0,76.0,58.0,73.0,77.0,87.0,60
87.0,90.0,78.0,88.0,0.0,82.0,0.0,79.0,93.03,85.0,84.0,83.0,83.0,87.0,92.22,89.0,90.0,83.0,83.0,87.0,80.0,0
90.0,94.26,96.0,70.0,0.0,44.96,86.0,96.59,98.25,82.0,85.0,90.0,76.0,97.02,100.0,70.0,99.0,75.0,86.0,92.0,84.0,94
96.0,95.0,94.0,82.0,-0.44,86.0,85.0,84.0,99.44,88.0,85.0,91.0,89.0,81.0,89.84,92.0,89.0,89.0,88.0,86.0,97.0,79.31
43.21,45.52,45.98,26.93,-0.44,44.96,29.99,44.98,49.18,43.41,44.59,48.73,50.54,51.45,52.63,57.58,55.58,48.36,54.93,55.07,59.0,85.59
80.0,89.88,87.0,90.0,0.0,89.0,91.0,89.18,100.0,96.7,91.0,85.0,74.0,89.65,94.44,76.0,95.0,87.0,82.0,94.0,76.0,86
90.0,90.0,86.0,84.0,0.0,86.0,77.0,95.0,98.18,43.41,88.5,94.0,93.0,91.0,100.0,96.0,84.0,83.0,95.0,97.0,82.0,93.56
98.0,97.0,99.0,26.93,0.0,91.0,29.99,99.0,99.82,92.0,91.0,48.73,89.0,96.0,100.0,57.58,97.0,48.36,94.0,99.0,59.0,98
78.0,84.88,80.0,83.0,0.0,94.0,70.0,80.0,92.5,95.2,80.0,74.0,74.0,73.22,77.28,86.0,77.0,42.0,71.0,81.0,85.0,100
76.0,88.0,93.0,80.0,0.0,83.0,29.99,94.0,100.0,89.0,97.69,84.0,85.0,78.0,100.0,87.0,71.0,77.0,80.0,83.0,100.0,95.21
42.0,82.97,82.0,26.93,0.0,88.0,71.0,75.0,89.76,80.7,89.0,79.0,73.0,66.0,73.73,93.0,71.0,74.0,77.0,74.0,85.0,80.28
70.0,85.68,74.0,93.65,0.0,85.0,71.0,70.0,98.0,88.8,89.0,75.0,70.0,90.69,79.76,76.0,70.0,71.0,79.0,80.0,85.0,94
83.0,88.0,91.0,92.15,0.0,89.0,93.0,91.14,96.5,90.0,92.0,83.0,79.0,90.43,86.15,100.0,81.0,74.0,80.0,81.0,91.0,82
84.0,87.95,83.0,26.93,0.0,93.0,95.0,79.17,98.5,43.41,96.0,83.0,79.0,89.32,83.72,70.0,82.0,0.0,81.0,77.0,79.0,90.83
43.21,45.52,45.98,26.93,-0.44,44.96,29.99,44.98,49.18,43.41,44.59,48.73,50.54,51.45,52.63,57.58,55.58,48.36,54.93,55.07,59.0,95
43.21,45.52,45.98,26.93,-0.44,44.96,29.99,44.98,49.18,43.41,44.59,80.0,50.54,51.45,52.63,57.58,60.0,48.36,54.93,55.07,59.0,85
85.0,84.34,83.0,26.93,-0.44,83.0,78.0,86.54,100.0,89.2,89.0,83.0,81.0,83.0,91.05,82.0,80.0,71.0,77.0,87.0,89.0,94
85.0,88.48,88.0,26.93,0.0,78.0,29.99,81.71,86.0,84.0,87.0,48.73,78.0,96.68,83.0,100.0,77.0,48.36,85.0,78.0,94.0,97
98.0,85.0,97.0,90.0,0.0,83.0,29.99,98.0,100.0,86.0,91.0,99.0,84.0,93.0,91.75,72.0,87.0,91.0,90.0,94.0,88.0,81
85.0,87.96,90.0,26.93,-0.44,90.0,78.0,82.06,95.0,99.03,83.0,70.0,82.0,91.18,81.25,100.0,79.0,48.36,73.0,0.0,100.0,97
43.21,45.52,45.98,26.93,-0.44,44.96,29.99,44.98,49.18,43.41,44.59,48.73,50.54,51.45,52.63,57.58,55.58,48.36,54.93,55.07,59.0,86
43.21,45.52,45.98,26.93,-0.44,44.96,29.99,44.98,49.18,43.41,44.59,48.73,50.54,51.45,52.63,57.58,55.58,48.36,54.93,55.07,59.0,89
43.21,45.52,45.98,26.93,-0.44,44.96,29.99,44.98,49.18,43.41,44.59,48.73,50.54,51.45,52.63,57.58,55.58,48.36,54.93,55.07,59.0,88
43.21,45.52,45.98,26.93,-0.44,44.96,29.99,44.98,49.18,43.41,44.59,48.73,50.54,51.45,52.63,57.58,55.58,48.36,54.93,55.07,59.0,91
85.0,97.33,95.0,80.0,0.0,90.0,0.0,90.74,100.0,73.1,92.0,72.0,88.0,88.0,78.47,84.0,53.0,0.0,80.0,97.0,81.0,100
76.0,84.71,81.0,91.0,0.0,96.0,93.0,81.7,95.5,93.0,91.0,93.0,86.0,81.0,89.33,100.0,71.0,81.0,82.0,80.0,100.0,91
43.21,45.52,45.98,26.93,-0.44,44.96,29.99,44.98,49.18,43.41,44.59,48.73,50.54,51.45,52.63,57.58,55.58,48.36,54.93,55.07,59.0,70
84.0,85.0,83.0,64.0,0.0,85.0,61.0,82.0,92.28,82.0,78.0,77.0,84.0,74.0,91.11,96.0,70.0,86.0,80.0,89.0,98.0,86.13
43.21,89.95,77.0,26.93,-0.44,91.0,29.99,77.1,100.0,92.0,91.0,48.73,78.0,70.0,73.0,100.0,83.0,48.36,0.0,0.0,94.0,23
90.0,95.0,80.0,70.0,0.0,84.0,76.0,79.0,93.85,85.0,86.0,83.0,81.0,80.0,93.88,100.0,74.0,85.0,85.0,92.0,97.0,87.64
88.0,88.0,83.0,78.0,0.0,83.0,76.0,81.0,94.92,83.0,80.0,84.0,82.0,77.0,95.5,73.0,76.0,89.0,76.0,94.0,95.0,83.29
43.21,45.52,45.98,26.93,-0.44,44.96,29.99,44.98,49.18,43.41,44.59,48.73,50.54,51.45,52.63,57.58,55.58,48.36,54.93,55.07,59.0,100
71.0,79.83,87.0,77.0,0.0,94.0,75.0,47.63,82.0,95.0,83.0,64.0,76.0,83.4,87.31,82.0,81.0,43.0,89.0,81.0,81.0,98
43.21,97.83,99.0,26.93,0.0,90.0,29.99,96.35,99.5,90.0,78.0,98.0,78.0,77.0,87.29,90.0,83.0,87.0,27.0,86.0,76.0,73
100.0,95.0,92.0,26.93,0.0,87.0,29.99,90.0,100.0,43.41,98.09,48.73,84.0,92.0,92.05,97.0,94.0,48.36,85.0,99.0,100.0,97
43.21,80.0,45.98,92.0,0.0,0.0,75.0,84.0,49.18,85.0,0.0,86.0,89.0,83.0,91.1,74.0,70.0,85.0,75.0,88.0,76.0,80.82
43.21,95.0,96.0,26.93,-0.44,87.0,29.99,99.0,98.5,91.0,91.65,48.73,92.0,92.0,100.0,100.0,55.58,48.36,89.0,99.0,95.0,88
84.0,85.45,94.0,90.0,0.0,96.0,90.0,90.33,96.0,90.0,92.0,90.0,82.0,95.83,97.67,100.0,93.0,71.0,85.0,82.0,100.0,80
86.0,95.0,78.0,64.0,0.0,81.0,0.0,0.0,91.41,77.0,77.0,85.0,87.0,77.0,91.32,84.0,70.0,90.0,70.0,86.0,91.0,78.31
98.0,88.91,97.0,88.0,-0.44,79.0,29.99,90.2,100.0,86.0,85.0,97.0,81.0,95.0,89.72,70.0,81.0,90.0,93.0,90.0,72.0,75
87.0,95.61,92.0,26.93,-0.44,91.0,29.99,87.08,100.0,87.3,88.0,95.0,82.0,93.0,91.18,99.0,99.0,87.0,89.0,87.0,100.0,93.5
75.0,88.48,74.0,26.93,-0.44,79.0,78.0,76.88,94.0,85.0,76.0,82.0,75.0,84.3,75.28,72.0,72.0,89.0,73.0,78.0,70.0,90
78.0,78.0,70.0,85.0,0.0,89.0,95.0,70.24,97.8,97.87,72.0,94.0,71.0,82.3,72.06,71.0,70.0,80.0,74.0,60.0,80.0,79.83
43.21,45.52,45.98,26.93,-0.44,44.96,29.99,44.98,49.18,43.41,44.59,48.73,50.54,51.45,52.63,57.58,55.58,48.36,54.93,86.0,59.0,87
49.0,80.12,65.0,87.0,0.0,79.0,72.0,80.0,87.03,87.0,0.0,76.0,80.0,82.0,86.19,70.0,70.0,76.0,70.0,83.0,98.0,83.68
80.0,81.34,90.0,97.45,0.0,90.0,78.0,87.36,100.0,77.0,91.0,70.0,84.0,81.55,91.81,82.0,72.0,0.0,73.0,82.0,80.0,90
43.21,45.52,45.98,26.93,-0.44,44.96,29.99,44.98,49.18,43.41,44.59,48.73,50.54,51.45,52.63,57.58,55.58,48.36,54.93,55.07,74.0,96
90.0,78.0,97.0,26.93,0.0,88.0,82.0,92.0,94.37,91.0,84.0,91.0,94.0,75.0,85.52,82.0,59.0,48.36,81.0,89.0,97.0,76.52
75.0,84.27,78.0,26.93,0.0,89.0,29.99,77.0,94.99,90.0,77.29,81.0,77.0,87.0,85.2,85.0,80.64,70.0,71.0,87.0,75.0,81
95.0,82.82,88.0,93.0,50.0,81.0,84.0,81.0,99.23,83.0,86.0,77.0,86.0,75.0,90.25,82.0,67.0,89.0,79.0,74.0,100.0,70.76
99.0,95.0,91.0,86.0,-0.44,85.0,82.0,94.0,98.68,43.41,87.1,91.0,91.0,90.0,94.17,98.0,88.0,85.0,89.0,96.0,94.0,96.33
43.21,45.52,45.98,26.93,-0.44,44.96,29.99,44.98,49.18,84.0,44.59,48.73,50.54,51.45,52.63,57.58,55.58,48.36,84.0,55.07,59.0,85
76.0,70.0,83.0,26.93,0.0,89.0,29.99,64.0,90.2,91.0,94.53,70.0,77.0,77.0,88.3,84.0,70.0,87.0,82.0,71.0,74.0,0
77.0,85.0,89.0,26.93,-0.44,90.0,75.0,81.0,100.0,83.0,75.0,76.0,79.0,78.0,89.61,93.0,70.0,65.0,83.0,72.0,92.0,75
83.0,82.0,85.0,88.0,0.0,83.0,29.99,87.0,99.0,74.0,87.0,48.73,82.0,94.0,90.03,75.0,82.0,100.0,86.0,88.0,83.0,76
43.21,45.52,45.98,26.93,-0.44,44.96,29.99,44.98,49.18,43.41,44.59,48.73,50.54,51.45,52.63,57.58,55.58,48.36,54.93,55.07,59.0,67
100.0,95.0,100.0,91.0,0.0,90.0,98.0,99.0,100.0,93.0,93.0,95.0,99.0,98.0,100.0,88.0,97.0,100.0,93.0,98.0,100.0,0
43.21,45.52,45.98,26.93,-0.44,44.96,29.99,44.98,49.18,43.41,44.59,71.0,50.54,51.45,87.72,92.0,32.0,26.0,67.0,74.0,0.0,35
100.0,88.88,98.0,86.0,0.0,80.0,95.0,83.0,98.17,96.0,84.0,100.0,96.0,94.0,83.26,81.0,92.0,93.12,92.0,84.0,84.0,76
90.0,80.0,84.0,75.0,0.0,78.0,0.0,86.0,96.67,89.0,64.0,97.0,75.0,88.0,83.78,76.0,84.0,74.0,84.0,79.0,77.0,81
81.0,73.97,73.0,95.0,0.0,72.0,87.0,64.83,37.8,93.0,65.0,85.0,70.0,73.0,89.16,81.0,72.0,82.0,75.0,84.0,80.0,84
90.0,88.06,100.0,81.0,0.0,88.0,95.0,88.0,97.8,78.0,87.04,95.0,92.0,87.0,86.51,75.0,88.0,79.67,90.0,86.57,93.0,87
89.0,93.0,90.0,26.93,-0.44,86.0,94.0,94.0,97.8,43.41,85.0,90.0,87.0,84.0,82.61,88.0,0.0,81.0,86.0,85.0,87.0,80
90.0,88.0,95.0,97.0,-0.44,96.0,91.0,85.0,90.0,87.0,85.0,95.0,92.0,79.0,86.44,84.0,90.0,88.0,91.0,87.0,100.0,91
79.0,80.0,81.0,94.0,50.0,85.0,71.0,72.0,79.38,88.0,81.0,70.0,50.0,70.0,75.34,77.0,22.0,70.0,70.0,0.0,72.0,31.08
43.21,45.52,45.98,26.93,-0.44,44.96,29.99,44.98,49.18,90.0,44.59,48.73,50.54,51.45,52.63,93.0,90.1,70.0,85.0,80.0,100.0,91.73
99.0,95.0,89.0,91.0,0.0,90.0,85.0,91.0,94.06,87.0,78.0,94.0,83.0,90.0,95.0,83.0,97.0,95.0,74.0,94.0,83.0,92
92.0,92.0,90.0,95.0,-0.44,96.25,95.0,86.0,100.0,43.41,84.0,83.0,74.0,91.0,78.84,92.0,84.0,77.0,87.0,82.0,94.0,63
75.0,84.0,93.0,88.0,-0.44,79.0,75.0,89.0,99.26,43.41,72.5,88.1,86.0,77.0,92.27,92.0,84.0,80.0,80.0,85.0,92.0,85
80.0,85.0,89.0,93.0,0.0,84.0,78.0,82.0,75.0,88.0,77.0,82.0,74.0,73.0,74.13,90.0,71.89,73.0,74.0,84.0,85.0,71
89.0,90.0,93.0,95.0,0.0,93.0,79.0,88.0,96.25,93.0,87.0,93.0,96.0,83.0,90.98,100.0,80.0,85.0,83.0,81.0,98.0,0
78.0,83.41,84.0,26.93,-0.44,73.0,29.99,78.07,78.0,90.0,83.0,0.0,77.0,86.9,79.08,86.0,80.0,68.0,79.0,86.0,76.0,82
77.0,84.0,74.0,26.93,0.0,91.0,29.99,80.0,77.5,43.41,80.0,89.0,71.0,82.0,76.2,87.0,81.0,48.36,85.0,83.0,98.0,88
86.0,87.0,97.0,80.0,0.0,87.0,88.0,96.0,100.0,89.0,85.0,92.0,90.0,89.0,100.0,84.0,90.0,0.0,86.0,99.0,94.0,91
92.0,89.0,89.0,83.0,0.0,93.0,88.0,92.0,100.0,80.0,90.0,95.0,85.0,91.0,91.93,98.0,90.0,85.0,91.0,93.0,97.0,91
82.0,70.0,65.0,70.0,0.0,74.0,91.0,76.0,85.0,91.0,76.0,82.0,77.0,72.0,70.0,0.0,70.0,73.0,73.0,78.0,85.0,74
43.21,45.52,45.98,26.93,-0.44,44.96,29.99,44.98,49.18,100.0,44.59,48.73,50.54,51.45,52.63,57.58,55.58,48.36,54.93,55.07,59.0,43
100.0,100.0,99.0,84.0,0.0,91.0,99.0,99.0,100.0,92.0,91.0,100.0,99.0,97.0,100.0,93.0,96.0,94.0,97.0,99.0,95.0,77
85.0,90.0,80.0,26.93,0.0,89.0,86.0,74.0,98.94,43.41,75.0,86.17,63.0,77.0,70.52,0.0,77.0,86.0,71.0,70.49,0.0,36.05
43.21,45.52,45.98,26.93,0.0,44.96,29.99,44.98,49.18,90.0,44.59,48.73,84.0,70.0,87.01,76.0,0.0,81.0,78.0,27.04,80.0,0
85.0,90.0,88.0,29.0,0.0,78.0,29.99,55.0,82.0,43.41,80.0,33.0,83.0,87.0,90.81,57.58,73.0,48.36,84.0,80.33,59.0,20.48
79.0,87.0,86.0,85.0,-0.44,92.0,80.0,81.0,80.94,90.0,87.5,87.0,80.0,75.0,70.0,81.0,80.0,77.75,84.0,77.0,94.0,0
93.0,83.07,74.0,26.93,0.0,71.0,85.0,71.31,91.25,43.41,85.0,71.0,75.0,76.0,61.02,0.0,82.0,85.0,75.0,60.0,85.0,71
43.21,45.52,45.98,26.93,-0.44,44.96,65.0,71.99,83.0,64.5,78.0,70.0,79.0,71.11,70.0,76.0,83.0,91.0,26.0,61.0,72.0,0
95.0,90.0,89.0,67.0,0.0,89.0,90.0,89.0,99.03,43.41,88.08,86.0,86.0,92.0,90.0,83.0,82.0,83.2,92.0,87.0,100.0,72
84.0,91.16,90.0,26.93,0.0,88.0,29.99,88.0,96.92,93.0,89.5,48.73,87.0,83.0,100.0,100.0,82.0,72.0,87.0,96.42,100.0,95
93.0,95.0,88.0,23.0,0.0,86.0,78.0,82.0,83.5,43.41,77.77,78.0,85.0,78.0,73.86,73.0,64.0,52.0,65.0,71.0,77.0,39.82
88.0,94.0,97.0,26.93,0.0,92.0,91.0,83.0,97.8,43.41,87.5,83.61,78.0,76.0,79.36,89.0,79.0,85.0,85.0,81.0,97.0,79
92.0,94.0,97.0,26.93,0.0,88.0,93.0,93.0,94.96,91.0,89.0,91.0,90.0,85.0,93.0,86.0,86.0,82.0,87.0,93.0,92.0,91
89.0,80.0,85.0,26.93,0.0,79.0,29.99,90.0,88.19,94.0,86.0,90.0,87.0,80.0,92.33,82.0,82.0,86.0,86.0,85.0,92.0,86
73.0,79.97,86.0,87.0,0.0,74.0,88.0,93.09,91.0,70.0,81.0,83.0,85.0,90.11,98.81,82.0,70.0,80.0,79.0,74.0,100.0,32.88
86.0,85.0,82.0,53.0,0.0,90.0,73.0,77.0,88.82,30.7,80.0,92.0,81.0,81.0,88.0,87.0,73.0,90.0,71.0,82.0,86.0,78
72.0,87.0,83.0,26.93,0.0,89.0,95.0,87.0,100.0,43.41,75.6,76.0,84.0,78.0,93.26,90.0,35.0,69.0,68.0,83.0,82.0,0
43.21,45.52,45.98,26.93,-0.44,44.96,29.99,44.98,49.18,43.41,44.59,48.73,50.54,51.45,52.63,57.58,55.58,48.36,54.93,55.07,59.0,75.6
78.0,85.0,90.0,26.93,0.0,89.0,75.0,77.0,72.88,86.0,77.0,75.0,79.0,76.0,78.49,84.0,61.0,72.0,72.0,70.0,72.0,0
85.0,85.0,83.0,88.0,0.0,85.0,83.0,82.0,86.26,86.0,92.09,80.0,77.0,73.0,80.62,93.0,72.0,77.0,77.0,76.0,100.0,75.74
73.0,80.0,74.0,91.0,0.0,82.0,61.0,59.0,34.83,89.0,66.0,77.0,75.0,78.0,60.0,78.0,43.0,81.67,70.0,18.0,59.0,13.19
94.0,96.0,97.0,26.93,0.0,86.0,29.99,93.0,88.27,43.41,83.2,96.0,86.0,86.0,99.54,75.0,97.0,99.0,90.0,97.0,83.0,0
95.0,98.0,98.0,94.68,0.0,86.0,0.0,99.0,100.0,88.0,87.0,98.0,97.0,91.0,97.16,84.0,88.0,0.0,88.0,99.0,83.0,89
86.0,87.0,85.0,26.93,-0.44,91.0,85.0,88.0,100.0,43.41,91.0,87.0,95.0,77.0,88.2,100.0,90.0,71.0,90.0,88.0,99.0,87
74.0,60.0,63.0,67.0,0.0,90.0,70.0,77.0,75.0,85.0,85.0,80.0,77.0,71.0,83.4,57.58,82.0,76.0,75.0,76.0,59.0,48
73.0,81.09,81.0,93.0,0.0,86.0,46.0,54.94,79.3,89.0,76.0,78.0,63.0,70.0,63.79,70.0,59.0,70.0,78.0,75.0,87.0,52.11
73.0,70.0,74.0,63.0,0.0,81.0,75.0,73.0,96.66,77.0,72.0,64.0,83.0,67.0,47.91,75.0,0.0,76.0,73.0,73.0,83.0,78
83.0,90.0,82.0,26.93,-0.44,87.0,60.0,79.0,95.1,43.41,86.0,0.0,79.0,84.0,81.4,92.0,55.58,77.0,60.0,84.0,85.0,71.48
54.0,80.0,76.0,26.93,0.0,80.0,29.99,87.0,97.4,43.41,80.0,75.0,71.0,89.0,70.46,91.0,0.0,81.12,77.0,79.0,92.0,0
88.0,94.35,97.0,26.93,0.0,90.0,29.99,0.0,98.75,88.39,84.8,67.0,94.0,77.0,97.39,91.0,55.58,0.0,79.0,100.0,89.0,85.85
96.0,95.0,100.0,0.0,-0.44,94.0,29.99,100.0,100.0,43.41,79.0,82.0,78.0,96.0,91.06,100.0,97.0,56.0,79.0,78.0,99.0,21.23
77.0,82.0,83.0,80.0,0.0,83.0,78.0,72.0,85.34,82.0,89.8,73.2,58.0,72.0,70.27,77.0,75.0,80.0,75.0,63.0,87.0,70
96.0,93.0,97.0,93.0,0.0,97.25,29.99,96.0,93.0,87.0,77.0,93.0,86.0,88.0,98.91,79.0,93.0,85.0,84.0,90.0,70.0,46
98.0,97.0,99.0,26.93,0.0,93.0,98.0,95.0,100.0,92.0,99.2,98.0,98.0,98.0,100.0,95.0,96.0,99.79,96.0,99.0,100.0,98
95.0,99.35,95.0,26.0,0.0,80.0,29.99,84.48,79.25,66.0,86.0,48.73,89.0,80.32,97.0,83.0,75.0,80.0,37.0,78.0,77.0,0
66.0,79.0,75.0,26.93,0.0,86.0,85.0,72.0,87.57,43.41,77.4,60.2,82.0,73.0,77.85,66.0,92.0,64.0,82.0,93.12,90.0,83.06
85.0,88.0,88.0,91.0,0.0,85.0,92.0,89.0,83.68,93.0,86.0,91.0,91.0,83.0,93.39,72.0,90.0,92.0,86.0,88.0,78.0,67.16
88.0,92.0,95.0,93.0,0.0,94.0,29.99,85.0,92.34,88.0,84.0,92.0,83.0,90.0,92.45,85.0,90.0,48.36,82.0,87.0,95.0,72
88.0,88.0,70.0,91.0,0.0,86.0,80.0,77.0,92.24,88.0,77.0,79.0,79.0,88.0,70.42,89.0,81.0,92.0,85.0,79.0,84.0,84
91.0,90.0,88.0,91.69,0.0,89.0,95.0,88.0,93.0,92.86,81.9,93.0,90.0,84.0,79.4,87.0,87.0,80.0,76.0,87.0,86.0,83
79.0,85.0,77.0,26.93,-0.44,89.0,81.0,66.0,77.9,87.0,75.0,80.0,73.0,71.0,78.4,61.0,71.0,71.0,72.0,77.0,83.0,36.54
72.0,78.07,77.0,90.0,0.0,73.0,84.0,87.0,84.0,90.0,77.0,72.0,76.0,71.75,76.2,79.0,45.0,0.0,17.0,73.0,72.0,57
90.0,85.0,92.0,86.0,0.0,99.37,29.99,95.0,92.34,81.0,73.0,97.0,89.0,83.0,91.82,78.0,88.0,88.29,84.0,99.0,79.0,73
43.21,45.52,45.98,49.0,-0.44,44.96,29.99,44.98,49.18,100.0,44.59,48.73,50.54,51.45,52.63,57.58,55.58,80.0,54.93,97.65,59.0,100
67.0,71.73,92.0,26.93,-0.44,73.0,85.0,84.18,85.0,43.41,61.0,77.0,66.0,98.0,53.29,57.58,95.0,18.0,93.0,83.0,59.0,28
43.21,45.52,45.98,26.93,-0.44,44.96,29.99,44.98,49.18,43.41,44.59,48.73,50.54,51.45,52.63,57.58,55.58,48.36,54.93,55.07,59.0,85
91.0,95.0,93.0,26.93,0.0,99.37,29.99,84.0,100.0,91.0,86.0,88.0,93.0,82.0,90.77,89.0,84.0,83.18,89.0,89.0,92.0,86
43.21,45.52,45.98,26.93,-0.44,44.96,29.99,44.98,49.18,43.41,44.59,48.73,50.54,51.45,52.63,57.58,55.58,48.36,54.93,55.07,59.0,92
80.0,90.94,81.0,26.93,0.0,88.0,72.0,84.29,78.0,43.41,86.0,53.0,83.0,87.5,79.31,79.0,0.0,87.0,78.0,72.0,94.0,25
85.0,85.0,83.0,26.93,0.0,83.0,0.0,81.0,99.79,93.0,85.0,93.0,81.0,90.0,80.06,93.0,80.0,83.0,84.0,90.0,93.0,72
43.21,45.52,45.98,26.93,-0.44,44.96,29.99,44.98,49.18,43.41,44.59,48.73,72.0,51.45,52.63,57.58,55.58,48.36,54.93,55.07,59.0,83
93.0,93.0,96.0,26.93,-0.44,93.0,29.99,90.0,99.36,90.0,86.5,95.0,86.0,91.0,84.79,84.0,90.0,87.0,95.0,95.0,95.0,85
88.0,85.0,80.0,91.0,0.0,91.0,85.0,83.0,92.14,91.0,80.0,87.0,80.0,80.0,73.88,78.0,88.0,76.0,86.0,80.0,94.0,84
79.0,90.0,82.0,26.93,-0.44,79.0,63.0,84.0,82.44,88.0,94.19,89.0,70.0,87.0,84.52,67.0,86.0,99.2,89.0,81.0,85.0,85.14
95.0,93.0,92.0,26.93,-0.44,80.0,29.99,94.0,100.0,93.0,84.9,98.0,97.0,95.0,97.05,89.0,93.0,48.36,92.0,95.0,84.0,93
88.0,87.0,92.0,26.93,0.0,88.0,87.0,91.0,100.0,89.0,94.8,87.0,90.0,86.0,90.0,85.0,90.0,86.0,88.0,89.0,91.0,100
86.0,85.0,99.0,91.0,0.0,90.0,95.0,99.0,90.57,75.0,94.0,81.0,92.0,75.0,100.0,92.0,90.0,78.0,89.0,99.0,86.0,78.74
43.21,45.52,45.98,26.93,-0.44,44.96,29.99,44.98,49.18,43.41,44.59,48.73,50.54,51.45,52.63,85.0,73.2,48.36,54.93,55.07,94.0,72
43.21,45.52,45.98,26.93,-0.44,44.96,29.99,44.98,49.18,43.41,44.59,48.73,50.54,51.45,52.63,57.58,55.58,48.36,54.93,55.07,59.0,82
72.0,81.66,84.0,90.0,0.0,89.0,71.0,84.0,99.31,90.0,84.2,80.0,93.0,80.0,87.68,100.0,90.0,79.84,86.0,93.53,98.0,92
87.0,95.09,98.0,26.93,0.0,88.0,91.0,94.0,93.78,85.0,87.2,93.0,95.0,91.0,100.0,100.0,86.0,86.6,87.0,96.47,99.0,88.15
94.0,95.0,99.0,88.0,0.0,89.0,76.0,95.0,94.97,50.0,89.0,78.0,73.0,86.0,94.51,93.0,80.0,77.0,82.0,70.0,92.0,83.33
79.0,89.03,91.0,26.93,-0.44,89.0,29.99,73.0,93.46,87.0,77.8,48.73,76.0,77.0,61.28,97.0,70.0,85.0,89.0,54.64,98.0,40
72.0,45.52,45.98,68.21,0.0,99.37,50.0,78.0,5.0,75.0,83.0,91.19,70.0,78.0,75.52,84.0,71.0,78.0,81.0,82.0,89.0,83
89.99,87.47,90.0,26.93,0.0,95.0,78.0,89.0,99.38,88.0,90.23,77.0,89.0,84.0,83.6,86.0,76.0,77.98,74.0,90.86,91.0,85.97
43.21,45.52,45.98,26.93,-0.44,44.96,29.99,44.98,49.18,43.41,44.59,48.73,50.54,51.45,52.63,100.0,55.58,48.36,54.93,85.0,93.0,53
86.0,90.0,89.0,81.69,0.0,77.0,95.0,81.0,74.99,76.0,81.6,94.0,80.0,91.0,80.44,77.0,90.0,91.0,92.0,80.0,87.0,82
96.0,95.0,96.0,93.0,0.0,92.0,29.99,90.0,98.92,86.0,82.0,99.0,85.0,88.0,90.89,71.0,86.0,90.0,89.0,86.0,75.0,65
90.0,88.0,84.0,96.0,0.0,88.0,64.0,81.0,95.75,88.0,76.0,76.0,88.0,92.0,93.03,71.0,61.0,79.97,75.0,75.0,88.0,71.85
85.0,88.0,99.0,80.0,0.0,87.0,80.0,95.0,93.6,83.0,85.0,83.0,90.0,91.0,100.0,91.0,92.0,88.0,87.0,95.0,91.0,87
43.21,45.52,45.98,26.93,-0.44,44.96,29.99,44.98,49.18,43.41,44.59,48.73,50.54,51.45,52.63,57.58,55.58,48.36,54.93,55.07,59.0,98
85.0,85.0,89.0,91.0,0.0,88.0,83.0,90.0,99.26,90.0,76.0,83.0,87.0,76.0,78.49,91.0,82.0,76.0,72.0,86.0,81.0,75
84.0,93.0,99.0,43.0,0.0,79.0,29.99,97.0,86.62,43.41,26.1,82.0,81.0,58.0,80.5,57.58,91.0,80.35,83.0,89.0,59.0,26
92.0,95.0,90.0,26.93,-0.44,88.5,29.99,88.0,83.5,90.0,73.0,48.73,75.0,85.0,73.42,80.0,86.0,96.0,72.0,32.0,53.0,38
82.0,80.0,87.0,26.93,-0.44,85.0,74.0,83.0,82.75,43.41,77.0,79.0,18.0,0.0,28.44,72.0,61.0,0.0,77.0,91.0,70.0,87
72.0,85.0,86.0,0.0,-0.44,71.0,71.0,74.0,98.5,43.41,89.0,73.0,71.0,77.0,82.43,95.0,70.0,75.0,70.0,72.0,88.0,17
43.21,45.52,45.98,26.93,-0.44,44.96,29.99,44.98,49.18,43.41,44.59,76.0,50.54,78.0,52.63,77.0,83.0,0.0,83.0,93.1,78.0,88
43.21,45.52,45.98,26.93,-0.44,44.96,29.99,44.98,49.18,89.0,44.59,48.73,50.54,51.45,52.63,57.58,85.8,48.36,54.93,78.69,59.0,36.47
43.21,45.52,45.98,26.93,-0.44,44.96,29.99,44.98,49.18,43.41,44.59,48.73,50.54,51.45,52.63,57.58,55.58,48.36,54.93,55.07,59.0,17
43.21,45.52,45.98,26.93,-0.44,44.96,29.99,44.98,49.18,43.41,44.59,62.0,50.54,51.45,52.63,57.58,55.58,94.0,54.93,55.07,59.0,57
96.0,95.0,99.0,26.93,-0.44,94.0,95.0,86.0,99.4,43.41,86.0,97.0,81.0,90.0,83.52,92.0,82.0,93.0,0.0,71.0,84.0,30
43.21,45.52,45.98,26.93,-0.44,44.96,29.99,44.98,49.18,43.41,44.59,0.0,50.54,51.45,52.63,79.0,55.58,97.0,78.0,78.82,75.0,12.23
43.21,45.52,45.98,26.93,-0.44,44.96,29.99,44.98,49.18,43.41,44.59,48.73,50.54,51.45,52.63,57.58,55.58,48.36,96.0,90.0,59.0,100
43.21,45.52,45.98,26.93,-0.44,44.96,29.99,44.98,49.18,43.41,44.59,48.73,50.54,51.45,52.63,57.58,55.58,48.36,54.93,55.07,59.0,94.85
43.21,45.52,45.98,26.93,-0.44,44.96,29.99,44.98,49.18,43.41,44.59,48.73,84.0,59.0,62.65,85.0,79.5,48.36,88.0,70.0,52.0,36.53
43.21,45.52,45.98,26.93,-0.44,44.96,29.99,44.98,49.18,43.41,44.59,48.73,50.54,51.45,52.63,78.0,55.58,48.36,54.93,70.0,0.0,70.66
43.21,45.52,45.98,26.93,-0.44,44.96,29.99,44.98,49.18,43.41,44.59,90.0,50.54,86.0,91.7,71.0,82.0,70.0,77.0,86.0,95.0,0
43.21,45.52,45.98,26.93,-0.44,44.96,29.99,44.98,49.18,43.41,44.59,85.1,73.0,84.0,83.78,94.0,0.0,66.0,76.0,70.0,92.0,78.56
43.21,45.52,45.98,26.93,-0.44,44.96,29.99,44.98,49.18,43.41,44.59,48.73,50.54,51.45,52.63,57.58,55.58,72.0,54.93,55.07,59.0,18.53
43.21,45.52,45.98,26.93,-0.44,44.96,29.99,44.98,49.18,43.41,44.59,48.73,91.0,92.0,83.95,68.0,93.8,96.0,36.0,80.0,83.0,72
43.21,45.52,45.98,26.93,-0.44,44.96,29.99,44.98,49.18,43.41,44.59,48.73,50.54,51.45,52.63,57.58,73.4,68.0,82.0,55.07,59.0,24
43.21,45.52,45.98,26.93,-0.44,44.96,29.99,44.98,49.18,43.41,44.59,90.9,50.54,51.45,52.63,57.58,76.0,48.36,89.0,55.07,73.0,77.05
85.0,90.0,70.0,26.93,-0.44,82.0,85.0,76.0,83.4,99.0,84.0,84.0,86.0,77.0,76.92,100.0,60.0,74.0,51.0,1.0,92.0,0
85.0,85.0,87.0,96.0,-0.44,96.0,88.0,70.0,100.0,90.0,92.0,82.0,72.0,85.0,70.0,91.0,61.0,70.0,81.0,52.0,100.0,3
86.0,95.0,96.0,26.93,-0.44,93.0,77.0,83.0,88.0,43.41,89.0,79.0,82.0,84.0,86.12,72.0,77.0,70.0,76.0,74.0,78.0,98
43.21,45.52,45.98,26.93,-0.44,44.96,29.99,44.98,49.18,43.41,44.59,48.73,50.54,51.45,52.63,57.58,71.0,71.0,54.93,55.07,59.0,0
43.21,45.52,45.98,26.93,-0.44,44.96,29.99,44.98,49.18,43.41,44.59,4.0,50.54,79.0,52.63,73.0,0.0,72.0,76.0,55.07,92.0,73.88
43.21,45.52,45.98,85.0,-0.44,44.96,29.99,80.0,93.4,43.41,87.0,48.73,50.54,76.0,0.0,74.0,72.7,88.0,71.0,0.0,75.0,89.52
43.21,45.52,45.98,26.93,-0.44,44.96,29.99,44.98,49.18,43.41,44.59,84.7,50.54,51.45,52.63,71.0,37.0,49.0,77.0,75.89,73.0,0
43.21,45.52,45.98,26.93,-0.44,44.96,29.99,44.98,49.18,30.0,44.59,62.0,50.54,51.45,52.63,57.58,3.0,48.36,55.0,55.07,59.0,2.57
43.21,45.52,45.98,93.0,-0.44,44.96,29.99,44.98,49.18,43.41,44.59,48.73,50.54,51.45,52.63,57.58,55.58,48.36,54.93,55.07,59.0,0
43.21,45.52,45.98,26.93,-0.44,44.96,29.99,44.98,49.18,43.41,44.59,81.0,50.54,51.45,52.63,0.0,87.0,95.0,88.0,55.07,59.0,25.17
81.0,95.0,91.0,26.93,-0.44,88.0,29.99,90.0,100.0,78.0,93.0,48.73,76.0,72.0,75.0,98.0,93.0,80.0,81.0,84.0,92.0,87
43.21,45.52,45.98,26.93,-0.44,44.96,29.99,44.98,49.18,43.41,44.59,75.0,50.54,51.45,52.63,57.58,55.58,48.36,79.0,55.07,59.0,48
43.21,45.52,45.98,26.93,-0.44,44.96,29.99,44.98,49.18,43.41,44.59,48.73,50.54,51.45,52.63,57.58,55.58,48.36,33.0,55.07,59.0,32
43.21,45.52,45.98,26.93,-0.44,44.96,29.99,44.98,49.18,91.0,44.59,48.73,50.54,51.45,52.63,57.58,55.58,48.36,84.0,55.07,59.0,80
43.21,45.52,45.98,26.93,-0.44,44.96,29.99,44.98,49.18,43.41,44.59,48.73,50.54,51.45,52.63,57.58,55.58,48.36,54.93,55.07,59.0,0
43.21,45.52,45.98,26.93,-0.44,44.96,29.99,44.98,49.18,43.41,44.59,83.0,73.0,77.0,75.72,75.0,82.0,82.0,68.0,81.0,70.0,38.7
43.21,45.52,45.98,26.93,-0.44,44.96,29.99,44.98,49.18,43.41,44.59,48.73,50.54,51.45,52.63,57.58,55.58,48.36,70.0,73.11,59.0,40.67
43.21,45.52,45.98,26.93,-0.44,44.96,29.99,44.98,49.18,43.41,44.59,89.0,50.54,51.45,52.63,75.0,77.0,87.0,73.0,74.0,70.0,54
80.0,80.0,73.0,58.0,-0.44,74.0,60.0,78.0,81.6,43.41,0.0,86.0,5.0,77.0,70.0,74.0,44.0,77.0,90.0,60.0,71.0,15
43.21,45.52,45.98,26.93,-0.44,44.96,29.99,44.98,49.18,43.41,44.59,48.73,50.54,51.45,52.63,57.58,84.5,80.0,54.93,0.0,59.0,77
43.21,45.52,45.98,26.93,-0.44,44.96,29.99,44.98,49.18,43.41,44.59,48.73,50.54,51.45,52.63,57.58,55.58,48.36,54.93,55.07,59.0,31.58
43.21,45.52,45.98,26.93,-0.44,44.96,29.99,44.98,49.18,88.8,44.59,48.73,50.54,51.45,52.63,70.0,79.3,48.36,52.0,55.07,81.0,86
77.0,94.19,86.0,86.0,-0.44,91.0,90.0,83.34,98.0,43.41,89.0,38.0,76.0,73.0,71.05,75.0,55.58,67.0,80.0,83.0,85.0,0
43.21,45.52,45.98,26.93,-0.44,44.96,29.99,44.98,49.18,43.41,44.59,48.73,50.54,51.45,52.63,57.58,55.58,48.36,54.93,55.07,59.0,71.61
43.21,45.52,45.98,26.93,-0.44,44.96,29.99,44.98,49.18,43.41,44.59,48.73,50.54,51.45,52.63,57.58,55.58,48.36,54.93,55.07,59.0,98.25
43.21,45.52,45.98,26.93,-0.44,44.96,29.99,44.98,49.18,43.41,44.59,48.73,50.54,51.45,52.63,57.58,55.58,48.36,54.93,55.07,59.0,71.77
43.21,45.52,45.98,26.93,-0.44,44.96,29.99,44.98,49.18,43.41,44.59,48.73,50.54,51.45,52.63,57.58,55.58,48.36,54.93,55.07,59.0,70
43.21,45.52,45.98,26.93,-0.44,44.96,29.99,44.98,49.18,43.41,44.59,48.73,50.54,51.45,52.63,57.58,55.58,48.36,54.93,55.07,59.0,96.2
43.21,45.52,45.98,26.93,-0.44,44.96,29.99,44.98,49.18,43.41,44.59,48.73,50.54,51.45,52.63,57.58,55.58,48.36,54.93,55.07,59.0,78.32
43.21,45.52,45.98,26.93,-0.44,44.96,29.99,44.98,49.18,43.41,44.59,48.73,50.54,51.45,52.63,57.58,55.58,48.36,54.93,55.07,59.0,100
43.21,45.52,45.98,26.93,-0.44,44.96,29.99,44.98,49.18,43.41,44.59,48.73,50.54,51.45,52.63,57.58,55.58,48.36,54.93,55.07,59.0,71.68
43.21,45.52,45.98,26.93,-0.44,44.96,29.99,44.98,49.18,43.41,44.59,48.73,50.54,51.45,52.63,57.58,55.58,48.36,54.93,55.07,59.0,93
98.68,88.73,97.0,91.0,0.0,84.0,29.99,98.0,93.0,90.0,84.5,91.0,95.0,89.0,100.0,100.0,91.0,83.18,92.0,97.33,97.0,93.75
43.21,45.52,45.98,26.93,-0.44,44.96,29.99,44.98,49.18,43.41,44.59,48.73,50.54,51.45,52.63,57.58,55.58,48.36,54.93,55.07,59.0,81
43.21,45.52,45.98,26.93,-0.44,44.96,29.99,44.98,49.18,43.41,44.59,48.73,50.54,51.45,52.63,57.58,55.58,48.36,54.93,55.07,85.0,96.15
43.21,45.52,45.98,26.93,-0.44,44.96,29.99,44.98,49.18,43.41,44.59,48.73,50.54,51.45,52.63,57.58,55.58,48.36,54.93,55.07,59.0,95.7
43.21,45.52,45.98,26.93,-0.44,44.96,29.99,44.98,49.18,43.41,44.59,48.73,50.54,51.45,52.63,57.58,55.58,48.36,54.93,55.07,59.0,95.85
43.21,45.52,45.98,26.93,-0.44,44.96,29.99,44.98,49.18,43.41,44.59,48.73,50.54,51.45,52.63,57.58,55.58,48.36,54.93,55.07,59.0,94
43.21,45.52,45.98,26.93,-0.44,44.96,29.99,44.98,49.18,43.41,44.59,48.73,50.54,51.45,52.63,57.58,55.58,48.36,54.93,55.07,59.0,94
43.21,45.52,45.98,26.93,-0.44,44.96,29.99,44.98,49.18,43.41,44.59,48.73,50.54,51.45,52.63,57.58,55.58,48.36,54.93,55.07,59.0,96
43.21,45.52,45.98,26.93,-0.44,44.96,29.99,44.98,49.18,43.41,44.59,48.73,50.54,51.45,52.63,57.58,55.58,48.36,54.93,55.07,59.0,98
43.21,45.52,45.98,26.93,-0.44,44.96,29.99,44.98,49.18,43.41,44.59,48.73,50.54,51.45,52.63,57.58,55.58,48.36,54.93,55.07,59.0,90
43.21,45.52,45.98,26.93,-0.44,44.96,29.99,44.98,49.18,43.41,44.59,48.73,50.54,51.45,52.63,57.58,55.58,48.36,54.93,55.07,59.0,85
43.21,45.52,45.98,26.93,-0.44,44.96,29.99,44.98,49.18,43.41,44.59,48.73,50.54,51.45,52.63,57.58,55.58,48.36,54.93,55.07,59.0,89
43.21,45.52,45.98,26.93,-0.44,44.96,29.99,44.98,49.18,43.41,44.59,48.73,50.54,51.45,52.63,57.58,55.58,48.36,54.93,55.07,59.0,97
43.21,45.52,45.98,26.93,-0.44,44.96,29.99,44.98,49.18,43.41,44.59,77.0,50.54,51.45,52.63,57.58,55.58,48.36,54.93,55.07,59.0,95
43.21,45.52,45.98,26.93,-0.44,44.96,29.99,44.98,49.18,43.41,44.59,48.73,50.54,51.45,52.63,57.58,55.58,48.36,54.93,55.07,59.0,94
43.21,45.52,45.98,26.93,-0.44,44.96,29.99,44.98,49.18,43.41,44.59,48.73,50.54,51.45,52.63,57.58,55.58,48.36,54.93,55.07,59.0,95
43.21,45.52,45.98,26.93,-0.44,44.96,29.99,44.98,49.18,43.41,44.59,48.73,50.54,51.45,52.63,57.58,55.58,48.36,54.93,55.07,59.0,84
43.21,45.52,45.98,26.93,-0.44,44.96,29.99,44.98,49.18,43.41,44.59,62.0,50.54,51.45,52.63,57.58,55.58,85.0,54.93,55.07,59.0,95
43.21,45.52,45.98,26.93,-0.44,44.96,29.99,44.98,49.18,43.41,44.59,48.73,50.54,51.45,52.63,57.58,55.58,48.36,54.93,55.07,59.0,98
93.0,88.0,88.0,26.93,-0.44,94.0,0.0,85.0,98.68,65.0,82.74,90.0,90.0,51.45,100.0,87.0,36.0,48.36,0.0,0.0,59.0,0
43.21,45.52,45.98,26.93,-0.44,44.96,29.99,44.98,49.18,43.41,44.59,48.73,50.54,51.45,52.63,57.58,55.58,48.36,54.93,55.07,59.0,97
43.21,45.52,45.98,26.93,-0.44,44.96,29.99,44.98,49.18,43.41,44.59,0.0,50.54,63.0,52.63,57.58,55.58,48.36,54.93,71.0,59.0,29
43.21,45.52,45.98,26.93,-0.44,44.96,29.99,44.98,49.18,43.41,44.59,48.73,50.54,51.45,52.63,57.58,55.58,48.36,54.93,55.07,59.0,98.67
43.21,45.52,45.98,26.93,-0.44,44.96,29.99,44.98,49.18,43.41,44.59,48.73,50.54,51.45,52.63,57.58,55.58,48.36,54.93,55.07,59.0,95.17
43.21,45.52,45.98,26.93,-0.44,44.96,29.99,44.98,49.18,43.41,44.59,48.73,50.54,51.45,52.63,57.58,55.58,48.36,54.93,55.07,59.0,96
43.21,45.52,45.98,26.93,-0.44,44.96,29.99,44.98,49.18,43.41,44.59,48.73,50.54,51.45,52.63,57.58,55.58,48.36,54.93,55.07,59.0,93.5
43.21,45.52,45.98,26.93,-0.44,44.96,29.99,44.98,49.18,43.41,44.59,48.73,50.54,51.45,52.63,57.58,55.58,48.36,54.93,55.07,90.0,92.33
43.21,45.52,45.98,26.93,-0.44,44.96,29.99,44.98,49.18,43.41,44.59,48.73,50.54,51.45,52.63,57.58,55.58,48.36,54.93,55.07,59.0,97.5
43.21,45.52,45.98,26.93,-0.44,44.96,29.99,44.98,49.18,43.41,44.59,88.0,50.54,51.45,52.63,57.58,55.58,48.36,54.93,55.07,59.0,90.33
43.21,45.52,45.98,26.93,-0.44,44.96,29.99,44.98,49.18,43.41,44.59,48.73,50.54,51.45,52.63,57.58,55.58,48.36,54.93,55.07,59.0,97
43.21,45.52,45.98,26.93,-0.44,44.96,29.99,44.98,49.18,43.41,44.59,48.73,50.54,51.45,52.63,57.58,55.58,48.36,54.93,55.07,59.0,90.17
43.21,45.52,45.98,26.93,-0.44,44.96,29.99,44.98,49.18,43.41,44.59,48.73,50.54,51.45,52.63,57.58,55.58,48.36,54.93,55.07,59.0,90
43.21,45.52,45.98,26.93,-0.44,44.96,29.99,44.98,49.18,43.41,44.59,48.73,50.54,51.45,52.63,57.58,55.58,48.36,54.93,55.07,59.0,98
43.21,45.52,45.98,26.93,-0.44,44.96,29.99,44.98,49.18,43.41,44.59,48.73,50.54,51.45,52.63,57.58,55.58,48.36,54.93,55.07,59.0,87.17
43.21,45.52,45.98,26.93,-0.44,44.96,29.99,44.98,49.18,43.41,44.59,48.73,50.54,51.45,52.63,57.58,55.58,48.36,54.93,55.07,59.0,18.41
43.21,45.52,45.98,26.93,-0.44,44.96,29.99,44.98,49.18,43.41,44.59,48.73,50.54,51.45,52.63,57.58,55.58,48.36,54.93,55.07,59.0,98
43.21,45.52,45.98,26.93,-0.44,44.96,29.99,44.98,49.18,43.41,44.59,48.73,50.54,51.45,52.63,57.58,55.58,48.36,54.93,55.07,59.0,87
43.21,45.52,45.98,26.93,-0.44,44.96,29.99,44.98,49.18,43.41,44.59,48.73,50.54,51.45,52.63,57.58,55.58,48.36,54.93,55.07,81.0,94
43.21,45.52,45.98,26.93,-0.44,44.96,29.99,44.98,49.18,43.41,44.59,48.73,50.54,51.45,52.63,57.58,55.58,48.36,54.93,55.07,59.0,85
43.21,45.52,45.98,26.93,-0.44,44.96,29.99,44.98,49.18,43.41,44.59,48.73,50.54,51.45,52.63,57.58,55.58,48.36,54.93,55.07,59.0,96
43.21,45.52,45.98,26.93,-0.44,44.96,29.99,44.98,49.18,43.41,44.59,48.73,50.54,51.45,52.63,57.58,55.58,48.36,54.93,55.07,59.0,93
43.21,45.52,45.98,26.93,-0.44,44.96,29.99,44.98,49.18,43.41,44.59,48.73,50.54,51.45,52.63,57.58,55.58,48.36,54.93,55.07,59.0,97
43.21,45.52,45.98,26.93,-0.44,44.96,29.99,44.98,49.18,43.41,44.59,48.73,50.54,51.45,52.63,57.58,55.58,48.36,54.93,55.07,59.0,99
43.21,45.52,45.98,26.93,-0.44,44.96,29.99,44.98,49.18,43.41,44.59,48.73,50.54,51.45,52.63,57.58,55.58,48.36,54.93,55.07,59.0,97
43.21,45.52,45.98,26.93,-0.44,44.96,29.99,44.98,49.18,43.41,44.59,48.73,50.54,51.45,52.63,57.58,55.58,48.36,54.93,55.07,59.0,99
43.21,45.52,45.98,26.93,-0.44,44.96,29.99,44.98,49.18,43.41,44.59,48.73,50.54,51.45,52.63,57.58,55.58,48.36,54.93,55.07,59.0,94
43.21,45.52,45.98,26.93,-0.44,44.96,29.99,44.98,49.18,43.41,44.59,48.73,50.54,51.45,52.63,57.58,55.58,48.36,54.93,55.07,59.0,95
43.21,45.52,45.98,26.93,-0.44,44.96,29.99,44.98,49.18,43.41,44.59,48.73,50.54,51.45,52.63,57.58,55.58,48.36,54.93,55.07,59.0,98
43.21,45.52,45.98,26.93,-0.44,44.96,29.99,44.98,49.18,43.41,44.59,48.73,76.0,51.45,84.57,57.58,55.58,48.36,54.93,55.07,59.0,92
43.21,45.52,45.98,26.93,-0.44,44.96,29.99,44.98,49.18,43.41,44.59,48.73,50.54,51.45,52.63,57.58,55.58,48.36,54.93,55.07,59.0,92
43.21,45.52,45.98,26.93,-0.44,44.96,29.99,44.98,49.18,43.41,44.59,48.73,50.54,51.45,52.63,57.58,55.58,82.79,54.93,55.07,59.0,94
43.21,45.52,45.98,26.93,-0.44,44.96,29.99,44.98,49.18,43.41,44.59,48.73,50.54,51.45,85.98,57.58,55.58,48.36,54.93,55.07,59.0,83
43.21,45.52,45.98,26.93,-0.44,44.96,29.99,44.98,49.18,43.41,44.59,48.73,50.54,51.45,52.63,57.58,55.58,48.36,54.93,55.07,59.0,94
43.21,45.52,45.98,26.93,-0.44,44.96,29.99,44.98,49.18,43.41,44.59,48.73,50.54,51.45,52.63,57.58,55.58,48.36,54.93,55.07,59.0,98
43.21,45.52,45.98,26.93,-0.44,44.96,29.99,44.98,49.18,43.41,44.59,48.73,50.54,51.45,52.63,57.58,55.58,48.36,54.93,55.07,59.0,93
43.21,45.52,45.98,26.93,-0.44,44.96,29.99,44.98,49.18,43.41,44.59,48.73,50.54,51.45,52.63,57.58,55.58,48.36,54.93,55.07,59.0,93
